name,region,geo_lat,geo_lon
Адыгейск,Адыгея,44.878414,39.190289
Майкоп,Адыгея,44.6098268,40.1006606
Горно-Алтайск,Алтай,51.9581028,85.9603235
Алейск,Алтайский край,52.4922513,82.7793606
Барнаул,Алтайский край,53.3479968,83.7798064
Белокуриха,Алтайский край,51.996152,84.9839604
Бийск,Алтайский край,52.5393864,85.2138453
Горняк,Алтайский край,50.9979622,81.4643358
Заринск,Алтайский край,53.7063476,84.9315081
Змеиногорск,Алтайский край,51.1581094,82.1872547
Камень-на-Оби,Алтайский край,53.7913974,81.3545053
Новоалтайск,Алтайский край,53.4119759,83.9311069
Рубцовск,Алтайский край,51.5012067,81.2078695
Славгород,Алтайский край,52.999463,78.6459232
Яровое,Алтайский край,52.9252146,78.5729775
Белогорск,Амурская область,50.9213415,128.4739471
Благовещенск,Амурская область,50.290659,127.527198
Завитинск,Амурская область,50.1064111,129.4391813
Зея,Амурская область,53.7340088,127.265787
Райчихинск,Амурская область,49.7941615,129.4112492
Свободный,Амурская область,51.3614103,128.1219729
Сковородино,Амурская область,53.9871095,123.9437205
Тында,Амурская область,55.1546441,124.7468904
Циолковский,Амурская область,51.762481,128.1219846
Шимановск,Амурская область,52.0051886,127.7005458
Архангельск,Архангельская область,64.5394289,40.5169606
Вельск,Архангельская область,61.066,42.1032789
Каргополь,Архангельская область,61.5009724,38.9636966
Коряжма,Архангельская область,61.2885948,47.1003015
Котлас,Архангельская область,61.2528972,46.633242
Мезень,Архангельская область,65.8398078,44.2532273
Мирный,Архангельская область,62.7645265,40.3360076
Новодвинск,Архангельская область,64.4136851,40.8208143
Няндома,Архангельская область,61.6654674,40.2062947
Онега,Архангельская область,63.9162928,38.0805031
Северодвинск,Архангельская область,64.5625385,39.8180934
Сольвычегодск,Архангельская область,61.3319616,46.920441
Шенкурск,Архангельская область,62.1057272,42.8996973
Астрахань,Астраханская область,46.3655652,48.0559236
Ахтубинск,Астраханская область,48.2752034,46.1906462
Знаменск,Астраханская область,48.5866291,45.7368019
Камызяк,Астраханская область,46.110579,48.07333
Нариманов,Астраханская область,46.6916565,47.8502476
Харабали,Астраханская область,47.408999,47.2525345
Агидель,Башкортостан,55.8999056,53.9220144
Баймак,Башкортостан,52.5912896,58.3110998
Белебей,Башкортостан,54.1034582,54.1113129
Белорецк,Башкортостан,53.9676488,58.4100419
Бирск,Башкортостан,55.4155753,55.5582214
Благовещенск,Башкортостан,55.0499867,55.9553186
Давлеканово,Башкортостан,54.2226707,55.0312373
Дюртюли,Башкортостан,55.4848318,54.8524765
Ишимбай,Башкортостан,53.4545764,56.0438751
Кумертау,Башкортостан,52.7564939,55.7970197
Межгорье,Башкортостан,54.2397689,57.9614547
Мелеуз,Башкортостан,52.9589532,55.9282838
Нефтекамск,Башкортостан,56.088377,54.2483061
Октябрьский,Башкортостан,54.4815311,53.4655972
Салават,Башкортостан,53.3616974,55.9245224
Сибай,Башкортостан,52.7204651,58.6663783
Стерлитамак,Башкортостан,53.6300864,55.9317089
Туймазы,Башкортостан,54.5999224,53.6950623
Уфа,Башкортостан,54.734944,55.9578468
Учалы,Башкортостан,54.3067375,59.4125461
Янаул,Башкортостан,56.2650146,54.929907
Алексеевка,Белгородская область,50.6299647,38.6880342
Белгород,Белгородская область,50.5976472,36.5856652
Бирюч,Белгородская область,50.6484585,38.4005083
Валуйки,Белгородская область,50.2111207,38.0998772
Грайворон,Белгородская область,50.4862958,35.6663877
Губкин,Белгородская область,51.2837123,37.5347759
Короча,Белгородская область,50.8129041,37.1896436
Новый Оскол,Белгородская область,50.7633747,37.8775484
Старый Оскол,Белгородская область,51.2967101,37.8350182
Строитель,Белгородская область,50.7845099,36.4887648
Шебекино,Белгородская область,50.4004883,36.8877889
Брянск,Брянская область,53.2419535,34.3652146
Дятьково,Брянская область,53.5958178,34.3551812
Жуковка,Брянская область,53.5340397,33.7302579
Злынка,Брянская область,52.4267015,31.7360399
Карачев,Брянская область,53.1296524,34.9888727
Клинцы,Брянская область,52.7529119,32.233911
Мглин,Брянская область,53.0599771,32.8468129
Новозыбков,Брянская область,52.537173,31.9357991
Почеп,Брянская область,52.9154851,33.4744058
Севск,Брянская область,52.1483358,34.4918415
Сельцо,Брянская область,53.3739884,34.1059172
Стародуб,Брянская область,52.5852257,32.760403
Сураж,Брянская область,53.0170888,32.3938878
Трубчевск,Брянская область,52.5791734,33.7660547
Унеча,Брянская область,52.8461199,32.6757629
Фокино,Брянская область,53.4554145,34.4159238
Бабушкин,Бурятия,51.7112755,105.8673219
Гусиноозерск,Бурятия,51.2865048,106.5230319
Закаменск,Бурятия,50.372713,103.286699
Кяхта,Бурятия,50.346543,106.4533516
Северобайкальск,Бурятия,55.635614,109.3361505
Улан-Удэ,Бурятия,51.8335853,107.5842223
Александров,Владимирская область,56.391819,38.7111123
Владимир,Владимирская область,56.1280804,40.4084376
Вязники,Владимирская область,56.29773,42.2687398
Гороховец,Владимирская область,56.2021036,42.6926111
Гусь-Хрустальный,Владимирская область,55.6198751,40.6579929
Камешково,Владимирская область,56.3490152,40.9955183
Карабаново,Владимирская область,56.3131822,38.7034257
Киржач,Владимирская область,56.1486863,38.8635701
Ковров,Владимирская область,56.3554349,41.3170576
Кольчугино,Владимирская область,56.3327254,39.391336
Костерево,Владимирская область,55.9337222,39.6247398
Курлово,Владимирская область,55.452698,40.6124108
Лакинск,Владимирская область,56.0180587,39.956551
Меленки,Владимирская область,55.3387515,41.6340046
Муром,Владимирская область,55.5630311,42.0231362
Петушки,Владимирская область,55.9298134,39.4508075
Покров,Владимирская область,55.9166398,39.1734526
Радужный,Владимирская область,55.9960277,40.3321855
Собинка,Владимирская область,55.9939169,40.0179653
Струнино,Владимирская область,56.3749967,38.5839667
Судогда,Владимирская область,55.9498056,40.8562939
Суздаль,Владимирская область,56.4274441,40.4525692
Юрьев-Польский,Владимирская область,56.4937757,39.6680539
Волгоград,Волгоградская область,48.7070042,44.5170339
Волжский,Волгоградская область,48.7978209,44.7462538
Дубовка,Волгоградская область,49.0554742,44.8270085
Жирновск,Волгоградская область,50.9768814,44.7858202
Калач-на-Дону,Волгоградская область,48.6889024,43.5306303
Камышин,Волгоградская область,50.0651529,45.3844202
Котельниково,Волгоградская область,47.6310259,43.1330872
Котово,Волгоградская область,50.3205766,44.8030699
Краснослободск,Волгоградская область,48.7068721,44.5630857
Ленинск,Волгоградская область,48.6936061,45.1992692
Михайловка,Волгоградская область,50.0708719,43.2401512
Николаевск,Волгоградская область,50.0165306,45.4731658
Новоаннинский,Волгоградская область,50.5296067,42.6666439
Палласовка,Волгоградская область,50.0500944,46.8804277
Петров Вал,Волгоградская область,50.1380557,45.20914
Серафимович,Волгоградская область,49.5663183,42.7360402
Суровикино,Волгоградская область,48.618917,42.8541163
Урюпинск,Волгоградская область,50.7903789,42.0288513
Фролово,Волгоградская область,49.7649148,43.6648641
Бабаево,Вологодская область,59.3892583,35.9377058
Белозерск,Вологодская область,60.0308381,37.7890586
Великий Устюг,Вологодская область,60.7603913,46.3054414
Вологда,Вологодская область,59.2483905,39.8355662
Вытегра,Вологодская область,61.0063465,36.4495137
Грязовец,Вологодская область,58.8757553,40.2485362
Кадников,Вологодская область,59.5037764,40.3441148
Кириллов,Вологодская область,59.8591523,38.3748782
Красавино,Вологодская область,60.9612823,46.4814116
Никольск,Вологодская область,59.5351837,45.4576137
Сокол,Вологодская область,59.4758605,40.1114187
Тотьма,Вологодская область,59.9734998,42.7589506
Устюжна,Вологодская область,58.8383117,36.4425478
Харовск,Вологодская область,59.9479423,40.2000298
Череповец,Вологодская область,59.1269212,37.9090497
Бобров,Воронежская область,51.0901649,40.0318256
Богучар,Воронежская область,49.9352454,40.5590801
Борисоглебск,Воронежская область,51.3655754,42.1008334
Бутурлиновка,Воронежская область,50.8311818,40.5976923
Воронеж,Воронежская область,51.6593332,39.1969229
Калач,Воронежская область,50.4242134,41.0162014
Лиски,Воронежская область,50.9945626,39.5184909
Нововоронеж,Воронежская область,51.3091524,39.2162843
Новохоперск,Воронежская область,51.0952211,41.6173404
Острогожск,Воронежская область,50.8677905,39.0407746
Павловск,Воронежская область,50.453455,40.136874
Поворино,Воронежская область,51.1954419,42.2472726
Россошь,Воронежская область,50.1701949,39.6226965
Семилуки,Воронежская область,51.6951644,39.0190454
Эртиль,Воронежская область,51.830932,40.8074182
Буйнакск,Дагестан,42.8214424,47.1165263
Дагестанские Огни,Дагестан,42.1152296,48.1939354
Дербент,Дагестан,42.058966,48.2907452
Избербаш,Дагестан,42.5650962,47.8710051
Каспийск,Дагестан,42.8916007,47.6367066
Кизилюрт,Дагестан,43.203825,46.8729636
Кизляр,Дагестан,43.8484083,46.7233699
Махачкала,Дагестан,42.9849159,47.5047181
Хасавюрт,Дагестан,43.2504665,46.5851292
Южно-Сухокумск,Дагестан,44.6602467,45.6499523
Биробиджан,Еврейская автономная область,48.7946446,132.9217207
Облучье,Еврейская автономная область,49.0189345,131.0540102
Балей,Забайкальский край,51.5823759,116.6379549
Борзя,Забайкальский край,50.3876058,116.5234779
Краснокаменск,Забайкальский край,50.0929703,118.0323936
Могоча,Забайкальский край,53.7361398,119.7660867
Нерчинск,Забайкальский край,51.9594977,116.5852383
Петровск-Забайкальский,Забайкальский край,51.2748592,108.846681
Сретенск,Забайкальский край,52.2461454,117.7117842
Хилок,Забайкальский край,51.3634856,110.4590898
Чита,Забайкальский край,52.0340142,113.4994
Шилка,Забайкальский край,51.8497035,116.0334461
Вичуга,Ивановская область,57.2044698,41.9132201
Гаврилов Посад,Ивановская область,56.5586946,40.1228906
Заволжск,Ивановская область,57.4918141,42.1375625
Иваново,Ивановская область,56.9993792,40.9728272
Кинешма,Ивановская область,57.4425463,42.168914
Комсомольск,Ивановская область,57.0273052,40.3776851
Кохма,Ивановская область,56.9324606,41.0931657
Наволоки,Ивановская область,57.4679066,41.9608002
Плес,Ивановская область,57.4606031,41.5122672
Приволжск,Ивановская область,57.3805743,41.2808565
Пучеж,Ивановская область,56.9820688,43.1683321
Родники,Ивановская область,57.1025975,41.7298834
Тейково,Ивановская область,56.8542719,40.5353874
Фурманов,Ивановская область,57.2539276,41.1054432
Шуя,Ивановская область,56.8560234,41.3800939
Южа,Ивановская область,56.5926877,42.0458099
Юрьевец,Ивановская область,57.3177781,43.1110401
Карабулак,Ингушетия,43.3055248,44.9094582
Магас,Ингушетия,43.1688611,44.8131207
Малгобек,Ингушетия,43.5096646,44.5901963
Назрань,Ингушетия,43.2257841,44.7645779
Сунжа,Ингушетия,43.3204196,45.0476331
Алзамай,Иркутская область,55.5551233,98.6643699
Ангарск,Иркутская область,52.544879,103.888543
Байкальск,Иркутская область,51.5230393,104.1487532
Бирюсинск,Иркутская область,55.9609167,97.8205348
Бодайбо,Иркутская область,57.8468636,114.1866287
Братск,Иркутская область,56.1513108,101.6340035
Вихоревка,Иркутская область,56.1208145,101.1702926
Железногорск-Илимский,Иркутская область,56.5847888,104.114275
Зима,Иркутская область,53.920693,102.0491772
Иркутск,Иркутская область,52.2864036,104.2807466
Киренск,Иркутская область,57.7756595,108.1109412
Нижнеудинск,Иркутская область,54.8968931,99.0314056
Саянск,Иркутская область,54.1107238,102.18015
Свирск,Иркутская область,53.0842668,103.3364093
Слюдянка,Иркутская область,51.6563983,103.7187545
Тайшет,Иркутская область,55.9405334,98.0030145
Тулун,Иркутская область,54.557162,100.5780603
Усолье-Сибирское,Иркутская область,52.7565808,103.6388109
Усть-Илимск,Иркутская область,57.9430504,102.7415734
Усть-Кут,Иркутская область,56.7928178,105.7757343
Черемхово,Иркутская область,53.1369095,103.0901268
Шелехов,Иркутская область,52.2102538,104.0973294
Баксан,Кабардино-Балкарская,43.6819137,43.5345036
Майский,Кабардино-Балкарская,43.6281516,44.0517314
Нальчик,Кабардино-Балкарская,43.4845464,43.60713
Нарткала,Кабардино-Балкарская,43.5578075,43.8575925
Прохладный,Кабардино-Балкарская,43.7589602,44.0102409
Терек,Кабардино-Балкарская,43.4839358,44.1402161
Тырныауз,Кабардино-Балкарская,43.3981585,42.9213582
Чегем,Кабардино-Балкарская,43.5671525,43.5865792
Багратионовск,Калининградская область,54.3866518,20.6418091
Балтийск,Калининградская область,54.6513372,19.9140572
Гвардейск,Калининградская область,54.6588378,21.0501388
Гурьевск,Калининградская область,54.770638,20.6039767
Гусев,Калининградская область,54.5915455,22.1942445
Зеленоградск,Калининградская область,54.9600185,20.4753652
Калининград,Калининградская область,54.7074702,20.5073241
Краснознаменск,Калининградская область,54.9453423,22.4928745
Ладушкин,Калининградская область,54.5692156,20.1690153
Мамоново,Калининградская область,54.4646036,19.9453482
Неман,Калининградская область,55.0316524,22.0324064
Нестеров,Калининградская область,54.6313814,22.5713736
Озерск,Калининградская область,54.4084705,22.0134438
Пионерский,Калининградская область,54.9516574,20.2277424
Полесск,Калининградская область,54.8625126,21.0998067
Правдинск,Калининградская область,54.4430986,21.0085269
Приморск,Калининградская область,54.7311437,19.9981926
Светлогорск,Калининградская область,54.9439286,20.1514295
Светлый,Калининградская область,54.6772897,20.1357595
Славск,Калининградская область,55.0449714,21.6742367
Советск,Калининградская область,55.0809336,21.8886106
Черняховск,Калининградская область,54.6244751,21.7969062
Городовиковск,Калмыкия,46.0875083,41.935537
Лагань,Калмыкия,45.3930912,47.3432602
Элиста,Калмыкия,46.3083344,44.2702088
Балабаново,Калужская область,55.1773714,36.6566951
Белоусово,Калужская область,55.0956803,36.677629
Боровск,Калужская область,55.2130096,36.4926251
Ермолино,Калужская область,55.1971758,36.5952722
Жиздра,Калужская область,53.7521926,34.7386592
Жуков,Калужская область,55.0301833,36.7394903
Калуга,Калужская область,54.5059848,36.2516245
Киров,Калужская область,54.0790111,34.3076201
Козельск,Калужская область,54.0347201,35.780768
Кондрово,Калужская область,54.7959473,35.9274842
Кременки,Калужская область,54.8862447,37.1168701
Людиново,Калужская область,53.8700828,34.4385915
Малоярославец,Калужская область,55.0177123,36.4633603
Медынь,Калужская область,54.9689785,35.8872168
Мещовск,Калужская область,54.3191471,35.2816918
Мосальск,Калужская область,54.4824939,34.9872239
Обнинск,Калужская область,55.0943144,36.6121639
Сосенский,Калужская область,54.0566016,35.9621646
Спас-Деменск,Калужская область,54.409922,34.0189631
Сухиничи,Калужская область,54.097296,35.3443568
Таруса,Калужская область,54.7236477,37.1671
Юхнов,Калужская область,54.7446445,35.2424346
Вилючинск,Камчатский край,52.9302415,158.4057632
Елизово,Камчатский край,53.1830375,158.3883548
Петропавловск-Камчатский,Камчатский край,53.036908,158.6559254
Карачаевск,Карачаево-Черкесская,43.7732525,41.9143472
Теберда,Карачаево-Черкесская,43.4437731,41.7415142
Усть-Джегута,Карачаево-Черкесская,44.0838442,41.9711046
Черкесск,Карачаево-Черкесская,44.2269425,42.0466704
Беломорск,Карелия,64.5378417,34.7799462
Кемь,Карелия,64.9543539,34.5949263
Кондопога,Карелия,62.2059817,34.2682122
Костомукша,Карелия,64.5889398,30.6016832
Лахденпохья,Карелия,61.518881,30.1996116
Медвежьегорск,Карелия,62.9127626,34.4568489
Олонец,Карелия,60.9794025,32.9725519
Петрозаводск,Карелия,61.7891264,34.3596434
Питкяранта,Карелия,61.5757191,31.4640557
Пудож,Карелия,61.8058821,36.5329941
Сегежа,Карелия,63.7437572,34.3126982
Сортавала,Карелия,61.703367,30.6916998
Суоярви,Карелия,62.0787293,32.3499386
Анжеро-Судженск,Кемеровская область - Кузбасс область,56.0786281,86.0201278
Белово,Кемеровская область - Кузбасс область,54.4220968,86.3037373
Березовский,Кемеровская область - Кузбасс область,55.6693513,86.2744459
Гурьевск,Кемеровская область - Кузбасс область,54.2859263,85.9475985
Калтан,Кемеровская область - Кузбасс область,53.5210919,87.2771636
Кемерово,Кемеровская область - Кузбасс область,55.3910651,86.0467781
Киселевск,Кемеровская область - Кузбасс область,54.0059999,86.6366116
Ленинск-Кузнецкий,Кемеровская область - Кузбасс область,54.6674492,86.1797324
Мариинск,Кемеровская область - Кузбасс область,56.2127383,87.7454924
Междуреченск,Кемеровская область - Кузбасс область,53.6865289,88.0702754
Мыски,Кемеровская область - Кузбасс область,53.7125695,87.8055646
Новокузнецк,Кемеровская область - Кузбасс область,53.794315,87.2142745
Осинники,Кемеровская область - Кузбасс область,53.5988055,87.3371272
Полысаево,Кемеровская область - Кузбасс область,54.6055,86.2809208
Прокопьевск,Кемеровская область - Кузбасс область,53.8604265,86.7183577
Салаир,Кемеровская область - Кузбасс область,54.2351735,85.8030733
Тайга,Кемеровская область - Кузбасс область,56.0622131,85.6207182
Таштагол,Кемеровская область - Кузбасс область,52.759313,87.8476546
Топки,Кемеровская область - Кузбасс область,55.2764707,85.6152619
Юрга,Кемеровская область - Кузбасс область,55.7202694,84.8886399
Белая Холуница,Кировская область,58.8415239,50.8460699
Вятские Поляны,Кировская область,56.2284817,51.0614855
Зуевка,Кировская область,58.4032152,51.1331606
Киров,Кировская область,58.6035264,49.6679304
Кирово-Чепецк,Кировская область,58.5559424,50.0316848
Кирс,Кировская область,59.340056,52.2414437
Котельнич,Кировская область,58.3034832,48.3475597
Луза,Кировская область,60.6290609,47.2612445
Малмыж,Кировская область,56.5243844,50.6782739
Мураши,Кировская область,59.3955383,48.9638417
Нолинск,Кировская область,57.5597284,49.93575
Омутнинск,Кировская область,58.6698913,52.1894564
Орлов,Кировская область,58.5389776,48.8927723
Слободской,Кировская область,58.7311574,50.1669249
Советск,Кировская область,57.584196,48.9590272
Сосновка,Кировская область,56.2532741,51.2833642
Уржум,Кировская область,57.1097477,50.0058097
Яранск,Кировская область,57.3040326,47.8478737
Воркута,Коми,67.4974082,64.061034
Вуктыл,Коми,63.8615274,57.3165402
Емва,Коми,62.5965137,50.8732125
Инта,Коми,66.0367316,60.1152961
Микунь,Коми,62.3579068,50.0719503
Печора,Коми,65.148584,57.2239777
Сосногорск,Коми,63.5989841,53.876293
Сыктывкар,Коми,61.6686617,50.8358151
Усинск,Коми,65.994147,57.5569423
Ухта,Коми,63.5565514,53.7014239
Буй,Костромская область,58.4733277,41.5306822
Волгореченск,Костромская область,57.4424559,41.1594201
Галич,Костромская область,58.3828191,42.3654013
Кологрив,Костромская область,58.8269323,44.3184927
Кострома,Костромская область,57.768,40.927
Макарьев,Костромская область,57.8807152,43.8014197
Мантурово,Костромская область,58.3265441,44.757494
Нерехта,Костромская область,57.4543369,40.5723598
Нея,Костромская область,58.2943349,43.8780948
Солигалич,Костромская область,59.0784867,42.2878423
Чухлома,Костромская область,58.753421,42.6884958
Шарья,Костромская область,58.3760542,45.4062414
Абинск,Краснодарский край,44.8679655,38.1618157
Анапа,Краснодарский край,44.8950433,37.3163282
Апшеронск,Краснодарский край,44.4584006,39.7299824
Армавир,Краснодарский край,45.0012149,41.1324168
Белореченск,Краснодарский край,44.7651876,39.8781494
Геленджик,Краснодарский край,44.5630007,38.0790852
Горячий Ключ,Краснодарский край,44.6344864,39.1354738
Гулькевичи,Краснодарский край,45.3605121,40.6918389
Ейск,Краснодарский край,46.71157,38.2763895
Кореновск,Краснодарский край,45.4641703,39.458949
Краснодар,Краснодарский край,45.0401604,38.9759647
Кропоткин,Краснодарский край,45.4333007,40.5727951
Крымск,Краснодарский край,44.9344404,37.9855795
Курганинск,Краснодарский край,44.8877025,40.5913245
Лабинск,Краснодарский край,44.6354363,40.7245341
Новокубанск,Краснодарский край,45.1038699,41.0475175
Новороссийск,Краснодарский край,44.7235026,37.7686135
Приморско-Ахтарск,Краснодарский край,46.0515432,38.1704875
Славянск-на-Кубани,Краснодарский край,45.2603626,38.1259774
Сочи,Краснодарский край,43.5854551,39.7231548
Темрюк,Краснодарский край,45.2610949,37.4454412
Тимашевск,Краснодарский край,45.615923,38.9351837
Тихорецк,Краснодарский край,45.8546345,40.1260267
Туапсе,Краснодарский край,44.1105335,39.0824904
Усть-Лабинск,Краснодарский край,45.2227359,39.6929577
Хадыженск,Краснодарский край,44.4122963,39.5320258
Артемовск,Красноярский край,54.3473075,93.4358377
Ачинск,Красноярский край,56.253907,90.4794397
Боготол,Красноярский край,56.2098468,89.5299336
Бородино,Красноярский край,55.9054121,94.9020967
Дивногорск,Красноярский край,55.9576784,92.3800687
Дудинка,Красноярский край,69.4031364,86.1907218
Енисейск,Красноярский край,58.4485261,92.1651083
Железногорск,Красноярский край,56.2529035,93.532273
Заозерный,Красноярский край,55.9617752,94.7091491
Зеленогорск,Красноярский край,56.1131564,94.5888103
Игарка,Красноярский край,67.4666901,86.5812794
Иланский,Красноярский край,56.2374037,96.067267
Канск,Красноярский край,56.2051282,95.7051096
Кодинск,Красноярский край,58.6032644,99.1797962
Красноярск,Красноярский край,56.0093879,92.8524806
Лесосибирск,Красноярский край,58.221681,92.5037872
Минусинск,Красноярский край,53.7104586,91.6872907
Назарово,Красноярский край,56.0113799,90.4168775
Норильск,Красноярский край,69.3489978,88.2009846
Сосновоборск,Красноярский край,56.1202647,93.3354121
Ужур,Красноярский край,55.3141969,89.8333918
Уяр,Красноярский край,55.8131263,94.3282601
Шарыпово,Красноярский край,55.5389739,89.1801044
Алушта,Крым,44.6764304,34.4100624
Армянск,Крым,46.1059307,33.6910012
Бахчисарай,Крым,44.7514769,33.8752176
Белогорск,Крым,45.057202,34.5999029
Джанкой,Крым,45.7092306,34.3883372
Евпатория,Крым,45.190629,33.367634
Керчь,Крым,45.3562627,36.4674513
Красноперекопск,Крым,45.9537576,33.7921939
Саки,Крым,45.1341997,33.6033383
Симферополь,Крым,44.9482948,34.1001151
Старый Крым,Крым,45.029058,35.0901474
Судак,Крым,44.8504679,34.9762034
Феодосия,Крым,45.0318393,35.3824259
Щелкино,Крым,45.4288991,35.825165
Ялта,Крым,44.4164605,34.0444797
Далматово,Курганская область,56.262114,62.9387011
Катайск,Курганская область,56.290809,62.5800359
Курган,Курганская область,55.4443883,65.3161963
Куртамыш,Курганская область,54.9368539,64.4203722
Макушино,Курганская область,55.2153947,67.2451705
Петухово,Курганская область,55.0650077,67.8873408
Шадринск,Курганская область,56.0870344,63.6297182
Шумиха,Курганская область,55.2280246,63.2901272
Щучье,Курганская область,55.2087637,62.7478548
Дмитриев,Курская область,52.1268464,35.0739038
Железногорск,Курская область,52.3380202,35.3516867
Курск,Курская область,51.7303637,36.1925603
Курчатов,Курская область,51.6604083,35.6572224
Льгов,Курская область,51.6597148,35.2612491
Обоянь,Курская область,51.2119324,36.2755133
Рыльск,Курская область,51.5681314,34.6802597
Суджа,Курская область,51.1918927,35.2720915
Фатеж,Курская область,52.0917728,35.8538706
Щигры,Курская область,51.8786014,36.8910945
Бокситогорск,Ленинградская область,59.4734797,33.845688
Волосово,Ленинградская область,59.4445408,29.4923355
Волхов,Ленинградская область,59.9005958,32.3520756
Всеволожск,Ленинградская область,60.0191278,30.6456718
Выборг,Ленинградская область,60.7130801,28.7328336
Высоцк,Ленинградская область,60.6296236,28.5709314
Гатчина,Ленинградская область,59.565237,30.1282473
Ивангород,Ленинградская область,59.3766119,28.2231659
Каменногорск,Ленинградская область,60.950855,29.1308372
Кингисепп,Ленинградская область,59.3740435,28.6112444
Кириши,Ленинградская область,59.4742862,32.0624947
Кировск,Ленинградская область,59.8754216,30.981364
Коммунар,Ленинградская область,59.6215133,30.3934125
Кудрово,Ленинградская область,59.9075226,30.5121008
Лодейное Поле,Ленинградская область,60.7320936,33.5521022
Луга,Ленинградская область,58.7374031,29.8465776
Любань,Ленинградская область,59.3493847,31.2484801
Мурино,Ленинградская область,60.044862,30.4571456
Никольское,Ленинградская область,59.7043309,30.7874571
Новая Ладога,Ленинградская область,60.1100135,32.3141203
Отрадное,Ленинградская область,59.7726848,30.7988557
Пикалево,Ленинградская область,59.5132022,34.1772776
Подпорожье,Ленинградская область,60.9127549,34.1567664
Приморск,Ленинградская область,60.3660209,28.6135772
Приозерск,Ленинградская область,61.0330896,30.1587851
Светогорск,Ленинградская область,61.1111282,28.8725865
Сертолово,Ленинградская область,60.1446932,30.2095918
Сланцы,Ленинградская область,59.1178185,28.0881475
Сосновый Бор,Ленинградская область,59.8772884,29.1291619
Сясьстрой,Ленинградская область,60.1401739,32.5601559
Тихвин,Ленинградская область,59.6272904,33.5072731
Тосно,Ленинградская область,59.5407098,30.877812
Шлиссельбург,Ленинградская область,59.9443714,31.0333365
Грязи,Липецкая область,52.4874097,39.9331142
Данков,Липецкая область,53.2577411,39.1456184
Елец,Липецкая область,52.6152411,38.5289342
Задонск,Липецкая область,52.4004179,38.9205032
Лебедянь,Липецкая область,53.0156117,39.143536
Липецк,Липецкая область,52.610249,39.5947883
Усмань,Липецкая область,52.0442648,39.726401
Чаплыгин,Липецкая область,53.24048,39.9670973
Магадан,Магаданская область,59.5681332,150.8084956
Сусуман,Магаданская область,62.7805882,148.1540281
Волжск,Марий Эл,55.8623156,48.3715083
Звенигово,Марий Эл,55.9738571,48.0170245
Йошкар-Ола,Марий Эл,56.6343662,47.8999706
Козьмодемьянск,Марий Эл,56.3334036,46.546675
Ардатов,Мордовия,54.8465544,46.2411232
Инсар,Мордовия,53.8770022,44.3696566
Ковылкино,Мордовия,54.0391072,43.9191539
Краснослободск,Мордовия,54.4248207,43.7845011
Рузаевка,Мордовия,54.0581967,44.9490466
Саранск,Мордовия,54.1809332,45.1862632
Темников,Мордовия,54.6310583,43.2161099
Москва,Москва,55.7540471,37.620405
Апрелевка,Московская область,55.5276918,37.065143
Балашиха,Московская область,55.796389,37.938283
Белоозёрский,Московская область,55.4595766,38.4389742
Бронницы,Московская область,55.4255379,38.264145
Верея,Московская область,55.343369,36.185694
Видное,Московская область,55.551725,37.7061984
Волоколамск,Московская область,56.0356499,35.9585112
Высоковск,Московская область,56.3359513,36.5251837
Голицыно,Московская область,55.6190582,36.9856793
Дедовск,Московская область,55.8703276,37.1245043
Дзержинский,Московская область,55.6240869,37.8440276
Долгопрудный,Московская область,55.9385999,37.5101021
Домодедово,Московская область,55.4363283,37.7664984
Дрезна,Московская область,55.7443143,38.8498479
Дубна,Московская область,56.741786,37.1757223
Егорьевск,Московская область,55.3830113,39.0358317
Жуковский,Московская область,55.599803,38.1224298
Зарайск,Московская область,54.762456,38.8850978
Звенигород,Московская область,55.7297089,36.8554029
Ивантеевка,Московская область,55.9741665,37.9207539
Кашира,Московская область,54.853337,38.1904392
Коломна,Московская область,55.102814,38.7531002
Королёв,Московская область,55.9161773,37.8545415
Котельники,Московская область,55.6597925,37.8631156
Красноармейск,Московская область,56.105426,38.140838
Красногорск,Московская область,55.8317203,37.3295266
Краснозаводск,Московская область,56.4409979,38.2320307
Краснознаменск,Московская область,55.5978959,37.0393709
Кубинка,Московская область,55.5754955,36.6951995
Куровское,Московская область,55.5792277,38.9207723
Ликино-Дулёво,Московская область,55.7078257,38.9578093
Лобня,Московская область,56.0328881,37.4614035
Лосино-Петровский,Московская область,55.8713214,38.200599
Луховицы,Московская область,54.9652077,39.0260266
Лыткарино,Московская область,55.5778163,37.9033507
Люберцы,Московская область,55.676499,37.898125
Можайск,Московская область,55.5069259,36.024043
Мытищи,Московская область,55.9105782,37.7363579
Озёры,Московская область,54.8541006,38.5599196
Павловский Посад,Московская область,55.7807244,38.6596983
Пересвет,Московская область,56.4158326,38.1733534
Подольск,Московская область,55.4389322,37.5703482
Протвино,Московская область,54.8705984,37.2182749
Пушкино,Московская область,56.0103638,37.8471403
Пущино,Московская область,54.8324412,37.6210346
Раменское,Московская область,55.5495132,38.2728914
Реутов,Московская область,55.7582621,37.8618553
Рошаль,Московская область,55.6632776,39.8656147
Руза,Московская область,55.7014744,36.1959206
Серпухов,Московская область,54.9226466,37.4033859
Солнечногорск,Московская область,56.185102,36.977631
Старая Купавна,Московская область,55.810648,38.175624
Ступино,Московская область,54.886274,38.078228
Талдом,Московская область,56.7308564,37.5276003
Фрязино,Московская область,55.9590588,38.0410235
Химки,Московская область,55.888657,37.4303702
Хотьково,Московская область,56.2516982,37.9396017
Черноголовка,Московская область,56.010005,38.379245
Чехов,Московская область,55.1508011,37.4533252
Щёлково,Московская область,55.9233801,37.9783707
Электрогорск,Московская область,55.8780241,38.7806752
Электросталь,Московская область,55.7847291,38.4447045
Электроугли,Московская область,55.7170877,38.2192563
Яхрома,Московская область,56.2890516,37.4831799
Апатиты,Мурманская область,67.5677761,33.4067929
Гаджиево,Мурманская область,69.2491311,33.315341
Заозерск,Мурманская область,69.4003584,32.4501496
Заполярный,Мурманская область,69.4132852,30.7984312
Кандалакша,Мурманская область,67.1567974,32.4143218
Кировск,Мурманская область,67.6150424,33.663735
Ковдор,Мурманская область,67.5661417,30.4741941
Кола,Мурманская область,68.8786028,33.0262299
Мончегорск,Мурманская область,67.9386153,32.9359719
Мурманск,Мурманская область,69.007721,33.0685865
Оленегорск,Мурманская область,68.1422058,33.2669407
Островной,Мурманская область,68.0510344,39.5077846
Полярные Зори,Мурманская область,67.373084,32.4975636
Полярный,Мурманская область,69.1989583,33.4508591
Североморск,Мурманская область,69.0766801,33.4177759
Снежногорск,Мурманская область,69.1921409,33.2383502
Нарьян-Мар,Ненецкий АО,67.6379672,53.0069565
Арзамас,Нижегородская область,55.3945814,43.8408141
Балахна,Нижегородская область,56.495036,43.5758423
Богородск,Нижегородская область,56.1020828,43.5135442
Бор,Нижегородская область,56.3565458,44.0646481
Ветлуга,Нижегородская область,57.8559204,45.7761957
Володарск,Нижегородская область,56.2169751,43.1596417
Ворсма,Нижегородская область,55.989943,43.2718859
Выкса,Нижегородская область,55.3207727,42.1678834
Горбатов,Нижегородская область,56.1307769,43.0626185
Городец,Нижегородская область,56.6449218,43.4723104
Дзержинск,Нижегородская область,56.2376047,43.4599416
Заволжье,Нижегородская область,56.6404286,43.3872492
Княгинино,Нижегородская область,55.8205915,45.032337
Кстово,Нижегородская область,56.1432084,44.1664198
Кулебаки,Нижегородская область,55.4296181,42.5125538
Лукоянов,Нижегородская область,55.0326225,44.4933807
Лысково,Нижегородская область,56.0262359,45.035771
Навашино,Нижегородская область,55.543811,42.1887089
Нижний Новгород,Нижегородская область,56.3240627,44.0053913
Павлово,Нижегородская область,55.9797564,43.0995042
Первомайск,Нижегородская область,54.8675792,43.8013992
Перевоз,Нижегородская область,55.5967718,44.5448369
Саров,Нижегородская область,54.9228268,43.3448089
Семенов,Нижегородская область,56.7889794,44.4902885
Сергач,Нижегородская область,55.5201515,45.4813231
Урень,Нижегородская область,57.4612572,45.7833293
Чкаловск,Нижегородская область,56.7651262,43.242077
Шахунья,Нижегородская область,57.6764293,46.6129009
Боровичи,Новгородская область,58.3840197,33.9175929
Валдай,Новгородская область,57.9823766,33.2369436
Великий Новгород,Новгородская область,58.5213846,31.2755394
Малая Вишера,Новгородская область,58.8458379,32.2247401
Окуловка,Новгородская область,58.3910296,33.2901557
Пестово,Новгородская область,58.5973723,35.8143898
Сольцы,Новгородская область,58.1201281,30.309351
Старая Русса,Новгородская область,57.990737,31.3554897
Холм,Новгородская область,57.145108,31.1787499
Чудово,Новгородская область,59.1248394,31.6866241
Барабинск,Новосибирская область,55.35146,78.3464506
Бердск,Новосибирская область,54.7582156,83.1070605
Болотное,Новосибирская область,55.6692421,84.3906889
Искитим,Новосибирская область,54.6267603,83.2951244
Карасук,Новосибирская область,53.7343189,78.0422967
Каргат,Новосибирская область,55.1945666,80.2829495
Куйбышев,Новосибирская область,55.4685094,78.3242048
Купино,Новосибирская область,54.366055,77.2973368
Новосибирск,Новосибирская область,55.028191,82.9211489
Обь,Новосибирская область,54.9945576,82.6937181
Татарск,Новосибирская область,55.2146167,75.9739914
Тогучин,Новосибирская область,55.2251631,84.4104118
Черепаново,Новосибирская область,54.2206476,83.3724521
Чулым,Новосибирская область,55.0906867,80.9592508
Исилькуль,Омская область,54.9096002,71.2816284
Калачинск,Омская область,55.0598155,74.5653644
Называевск,Омская область,55.5689323,71.3503426
Омск,Омская область,54.9848566,73.3674517
Тара,Омская область,56.9160511,74.3649194
Тюкалинск,Омская область,55.8703415,72.1954747
Абдулино,Оренбургская область,53.6778906,53.6472483
Бугуруслан,Оренбургская область,53.6523728,52.4326853
Бузулук,Оренбургская область,52.7881277,52.2624877
Гай,Оренбургская область,51.4649189,58.4436875
Кувандык,Оренбургская область,51.4783857,57.3612636
Медногорск,Оренбургская область,51.4037617,57.583163
Новотроицк,Оренбургская область,51.1964202,58.3018192
Оренбург,Оренбургская область,51.7875092,55.1018828
Орск,Оренбургская область,51.2294282,58.4752777
Соль-Илецк,Оренбургская область,51.1633736,54.9896726
Сорочинск,Оренбургская область,52.426685,53.1542745
Ясный,Оренбургская область,51.036838,59.874344
Болхов,Орловская область,53.4438496,36.0076833
Дмитровск,Орловская область,52.5054851,35.1415009
Ливны,Орловская область,52.4284558,37.6039506
Малоархангельск,Орловская область,52.4002192,36.5038579
Мценск,Орловская область,53.2788438,36.5749105
Новосиль,Орловская область,52.97454,37.0437146
Орёл,Орловская область,52.9671298,36.0696427
Белинский,Пензенская область,52.9640996,43.4183212
Городище,Пензенская область,53.2726916,45.7026142
Заречный,Пензенская область,53.1960836,45.1689907
Каменка,Пензенская область,53.1855463,44.0469717
Кузнецк,Пензенская область,53.1130888,46.605092
Нижний Ломов,Пензенская область,53.5300905,43.6730217
Никольск,Пензенская область,53.7137496,46.0799857
Пенза,Пензенская область,53.1753314,45.0348625
Сердобск,Пензенская область,52.4697595,44.2122414
Спасск,Пензенская область,53.9271974,43.1859073
Сурск,Пензенская область,53.0761357,45.6910796
Александровск,Пермский край,59.1613221,57.5763459
Березники,Пермский край,59.4079923,56.8039427
Верещагино,Пермский край,58.0797571,54.6581309
Горнозаводск,Пермский край,58.3742532,58.3231716
Гремячинск,Пермский край,58.5626082,57.8520572
Губаха,Пермский край,58.8371721,57.554533
Добрянка,Пермский край,58.469685,56.4130737
Кизел,Пермский край,59.0512783,57.6471028
Красновишерск,Пермский край,60.3901321,57.0535682
Краснокамск,Пермский край,58.0822065,55.7479936
Кудымкар,Пермский край,59.0167925,54.6572508
Кунгур,Пермский край,57.4283296,56.9438656
Лысьва,Пермский край,58.0995875,57.8086825
Нытва,Пермский край,57.9336725,55.3356084
Оса,Пермский край,57.2889515,55.4688668
Оханск,Пермский край,57.7180034,55.3872469
Очер,Пермский край,57.8852686,54.7161091
Пермь,Пермский край,58.0102583,56.2342034
Соликамск,Пермский край,59.6482998,56.771009
Усолье,Пермский край,59.4277573,56.6837872
Чайковский,Пермский край,56.7781501,54.1477965
Чердынь,Пермский край,60.4011933,56.4799933
Чермоз,Пермский край,58.7842834,56.1507138
Чернушка,Пермский край,56.5160768,56.0763049
Чусовой,Пермский край,58.2974596,57.8193615
Арсеньев,Приморский край,44.1622031,133.2696209
Артем,Приморский край,43.3501675,132.1596175
Большой Камень,Приморский край,43.1111742,132.3480082
Владивосток,Приморский край,43.1164904,131.8823937
Дальнегорск,Приморский край,44.5539457,135.5662716
Дальнереченск,Приморский край,45.9308483,133.7316907
Лесозаводск,Приморский край,45.4780092,133.4186199
Находка,Приморский край,42.8239372,132.8927361
Партизанск,Приморский край,43.1280578,133.1264567
Спасск-Дальний,Приморский край,44.5901175,132.8157288
Уссурийск,Приморский край,43.7971818,131.9518229
Фокино,Приморский край,42.9706317,132.4110196
Великие Луки,Псковская область,56.332208,30.5508641
Гдов,Псковская область,58.7432429,27.8264809
Дно,Псковская область,57.826974,29.9629389
Невель,Псковская область,56.0201973,29.9239983
Новоржев,Псковская область,57.029807,29.3433083
Новосокольники,Псковская область,56.3408431,30.1527573
Опочка,Псковская область,56.710725,28.6717519
Остров,Псковская область,57.3451528,28.3437593
Печоры,Псковская область,57.8145817,27.622259
Порхов,Псковская область,57.7765219,29.5436626
Псков,Псковская область,57.8194415,28.3317198
Пустошка,Псковская область,56.3374813,29.3668055
Пыталово,Псковская область,57.0637952,27.9236214
Себеж,Псковская область,56.2908554,28.4724326
Азов,Ростовская область,47.1121589,39.4232555
Аксай,Ростовская область,47.2676314,39.8756872
Батайск,Ростовская область,47.1383299,39.7507179
Белая Калитва,Ростовская область,48.1769737,40.8033529
Волгодонск,Ростовская область,47.5165338,42.1984951
Гуково,Ростовская область,48.0448904,39.9484672
Донецк,Ростовская область,48.3350706,39.945891
Зверево,Ростовская область,48.0435487,40.1265822
Зерноград,Ростовская область,46.8495958,40.312837
Каменск-Шахтинский,Ростовская область,48.3205326,40.2689583
Константиновск,Ростовская область,47.5773717,41.0967445
Красный Сулин,Ростовская область,47.8831311,40.0781298
Миллерово,Ростовская область,48.9260077,40.3984087
Морозовск,Ростовская область,48.3511807,41.8309225
Новочеркасск,Ростовская область,47.411919,40.1042098
Новошахтинск,Ростовская область,47.757773,39.9363697
Пролетарск,Ростовская область,46.7038963,41.727594
Ростов-на-Дону,Ростовская область,47.2224566,39.718803
Сальск,Ростовская область,46.4752095,41.5410415
Семикаракорск,Ростовская область,47.5177337,40.8114167
Таганрог,Ростовская область,47.2094917,38.9350989
Цимлянск,Ростовская область,47.6477448,42.0931505
Шахты,Ростовская область,47.7085287,40.2159846
Касимов,Рязанская область,54.9373475,41.3913211
Кораблино,Рязанская область,53.9246659,40.0227745
Михайлов,Рязанская область,54.2297402,39.0091481
Новомичуринск,Рязанская область,54.0376572,39.74654
Рыбное,Рязанская область,54.7256164,39.5134398
Ряжск,Рязанская область,53.7067584,40.0522274
Рязань,Рязанская область,54.6254445,39.7358609
Сасово,Рязанская область,54.3508885,41.9117422
Скопин,Рязанская область,53.823543,39.5492421
Спас-Клепики,Рязанская область,55.1291721,40.1745338
Спасск-Рязанский,Рязанская область,54.4070719,40.3763426
Шацк,Рязанская область,54.0287312,41.7181803
Жигулевск,Самарская область,53.4011981,49.4945176
Кинель,Самарская область,53.2210298,50.6343776
Нефтегорск,Самарская область,52.7972914,51.1637392
Новокуйбышевск,Самарская область,53.0994565,49.9477382
Октябрьск,Самарская область,53.1640488,48.670762
Отрадный,Самарская область,53.3800848,51.3438605
Похвистнево,Самарская область,53.6498299,52.1235156
Самара,Самарская область,53.1950306,50.1069518
Сызрань,Самарская область,53.1558674,48.4744629
Тольятти,Самарская область,53.5205348,49.3894028
Чапаевск,Самарская область,52.928961,49.8673269
Санкт-Петербург,Санкт-Петербург,59.9391313,30.3159004
Аркадак,Саратовская область,51.938831,43.4999221
Аткарск,Саратовская область,51.8736062,45.0003247
Балаково,Саратовская область,52.0224231,47.7827765
Балашов,Саратовская область,51.5388697,43.1839757
Вольск,Саратовская область,52.0459865,47.3873595
Ершов,Саратовская область,51.3508505,48.2762226
Калининск,Саратовская область,51.4993591,44.4710435
Красноармейск,Саратовская область,51.023541,45.695044
Красный Кут,Саратовская область,50.9598317,46.9712016
Маркс,Саратовская область,51.7133337,46.7400339
Новоузенск,Саратовская область,50.455199,48.1413153
Петровск,Саратовская область,52.3094237,45.3851877
Пугачев,Саратовская область,52.0159921,48.7972223
Ртищево,Саратовская область,52.2616271,43.7842248
Саратов,Саратовская область,51.533557,46.034257
Хвалынск,Саратовская область,52.4951572,48.1045771
Шиханы,Саратовская область,52.1147391,47.2023118
Энгельс,Саратовская область,51.4854003,46.126722
Алдан,Саха /Якутия/,58.6094283,125.3817188
Верхоянск,Саха /Якутия/,67.5502451,133.390735
Вилюйск,Саха /Якутия/,63.7517616,121.627284
Ленск,Саха /Якутия/,60.7276196,114.9548255
Мирный,Саха /Якутия/,62.536232,113.9667728
Нерюнгри,Саха /Якутия/,56.6599953,124.7202403
Нюрба,Саха /Якутия/,63.2828955,118.3242437
Олекминск,Саха /Якутия/,60.3758006,120.4060878
Покровск,Саха /Якутия/,61.4843503,129.1482392
Среднеколымск,Саха /Якутия/,67.4582218,153.7069425
Томмот,Саха /Якутия/,58.9586859,126.2875462
Удачный,Саха /Якутия/,66.4071765,112.3061555
Якутск,Саха /Якутия/,62.0281405,129.7325887
Александровск-Сахалинский,Сахалинская область,50.8974378,142.1578559
Анива,Сахалинская область,46.713152,142.5265804
Долинск,Сахалинская область,47.3255783,142.7945071
Корсаков,Сахалинская область,46.6324545,142.799445
Курильск,Сахалинская область,45.2270954,147.8796323
Макаров,Сахалинская область,48.6236334,142.7803205
Невельск,Сахалинская область,46.6526899,141.8630725
Оха,Сахалинская область,53.5867839,142.9412411
Поронайск,Сахалинская область,49.238866,143.1008333
Северо-Курильск,Сахалинская область,50.6730577,156.1282211
Томари,Сахалинская область,47.7620108,142.0615837
Углегорск,Сахалинская область,49.0815774,142.0692639
Холмск,Сахалинская область,47.0408423,142.041688
Южно-Сахалинск,Сахалинская область,46.9591631,142.737976
Алапаевск,Свердловская область,57.8475571,61.6693817
Арамиль,Свердловская область,56.694632,60.8343125
Артемовский,Свердловская область,57.3384177,61.8947443
Асбест,Свердловская область,57.0052277,61.4581156
Березовский,Свердловская область,56.9095924,60.8180907
Богданович,Свердловская область,56.7764795,62.0463679
Верхний Тагил,Свердловская область,57.3763758,59.9517653
Верхняя Пышма,Свердловская область,56.9758903,60.5650383
Верхняя Салда,Свердловская область,58.0465803,60.5560164
Верхняя Тура,Свердловская область,58.3643685,59.8265235
Верхотурье,Свердловская область,58.8622073,60.8103945
Волчанск,Свердловская область,59.9351707,60.0798618
Дегтярск,Свердловская область,56.7048206,60.079138
Екатеринбург,Свердловская область,56.8385216,60.6054911
Заречный,Свердловская область,56.8102931,61.3380029
Ивдель,Свердловская область,60.6944496,60.4245069
Ирбит,Свердловская область,57.6838362,63.057675
Каменск-Уральский,Свердловская область,56.414962,61.9188674
Камышлов,Свердловская область,56.8465034,62.7119766
Карпинск,Свердловская область,59.7665925,60.0011703
Качканар,Свердловская область,58.7051762,59.4839155
Кировград,Свердловская область,57.4299433,60.0624051
Краснотурьинск,Свердловская область,59.7636635,60.1934525
Красноуральск,Свердловская область,58.348651,60.0408764
Красноуфимск,Свердловская область,56.612387,57.7636637
Кушва,Свердловская область,58.2826013,59.7645766
Лесной,Свердловская область,58.6348516,59.7981565
Михайловск,Свердловская область,56.4370039,59.1137316
Невьянск,Свердловская область,57.49131,60.2183429
Нижние Серги,Свердловская область,56.6544959,59.2953035
Нижний Тагил,Свердловская область,57.910126,59.9812853
Нижняя Салда,Свердловская область,58.0748272,60.7025418
Нижняя Тура,Свердловская область,58.6309267,59.8520344
Новая Ляля,Свердловская область,59.0538977,60.5944825
Новоуральск,Свердловская область,57.2472567,60.0956714
Первоуральск,Свердловская область,56.9080085,59.942926
Полевской,Свердловская область,56.4956952,60.2365298
Ревда,Свердловская область,56.7986319,59.9071591
Реж,Свердловская область,57.3717477,61.3833842
Североуральск,Свердловская область,60.1533109,59.9525245
Серов,Свердловская область,59.6047724,60.5753882
Среднеуральск,Свердловская область,56.9918901,60.4771018
Сухой Лог,Свердловская область,56.9076193,62.0358093
Сысерть,Свердловская область,56.5005715,60.8190003
Тавда,Свердловская область,58.0434672,65.274217
Талица,Свердловская область,57.0122687,63.7320757
Туринск,Свердловская область,58.0393524,63.6981973
Севастополь,Севастополь,44.6167013,33.525355
Алагир,Северная Осетия - Алания,43.0417684,44.2199715
Ардон,Северная Осетия - Алания,43.1755152,44.2955775
Беслан,Северная Осетия - Алания,43.1937529,44.5338707
Владикавказ,Северная Осетия - Алания,43.020588,44.6819182
Дигора,Северная Осетия - Алания,43.1567628,44.1549483
Моздок,Северная Осетия - Алания,43.7471342,44.6569607
Велиж,Смоленская область,55.6057916,31.1856206
Вязьма,Смоленская область,55.2116983,34.2951663
Гагарин,Смоленская область,55.5525228,34.9950502
Демидов,Смоленская область,55.2682105,31.5062809
Десногорск,Смоленская область,54.146457,33.2833222
Дорогобуж,Смоленская область,54.9136959,33.3023162
Духовщина,Смоленская область,55.1950257,32.401252
Ельня,Смоленская область,54.5837795,33.1749867
Починок,Смоленская область,54.406244,32.4398039
Рославль,Смоленская область,53.9449558,32.8480258
Рудня,Смоленская область,54.9441093,31.0794806
Сафоново,Смоленская область,55.1199661,33.2336988
Смоленск,Смоленская область,54.782635,32.045251
Сычевка,Смоленская область,55.8308821,34.2778793
Ярцево,Смоленская область,55.0564732,32.6902302
Благодарный,Ставропольский край,45.0989782,43.4306455
Буденновск,Ставропольский край,44.7816067,44.1650339
Георгиевск,Ставропольский край,44.1485694,43.4739851
Ессентуки,Ставропольский край,44.0446186,42.8588653
Железноводск,Ставропольский край,44.1320568,43.0306461
Зеленокумск,Ставропольский край,44.4032668,43.8841877
Изобильный,Ставропольский край,45.3684296,41.708702
Ипатово,Ставропольский край,45.7181751,42.8970206
Кисловодск,Ставропольский край,43.9052044,42.7168721
Лермонтов,Ставропольский край,44.1054107,42.973135
Минеральные Воды,Ставропольский край,44.2087273,43.138408
Михайловск,Ставропольский край,45.1297323,42.0288443
Невинномысск,Ставропольский край,44.6226031,41.9476723
Нефтекумск,Ставропольский край,44.7544552,44.9865347
Новоалександровск,Ставропольский край,45.4932733,41.2153996
Новопавловск,Ставропольский край,43.9617097,43.6342865
Пятигорск,Ставропольский край,44.041091,43.0661553
Светлоград,Ставропольский край,45.328659,42.8565714
Ставрополь,Ставропольский край,45.044516,41.9689655
Жердевка,Тамбовская область,51.8422192,41.4617687
Кирсанов,Тамбовская область,52.6506335,42.7286445
Котовск,Тамбовская область,52.5924489,41.5101237
Мичуринск,Тамбовская область,52.8912389,40.5104443
Моршанск,Тамбовская область,53.4436216,41.8115478
Рассказово,Тамбовская область,52.6538833,41.874285
Тамбов,Тамбовская область,52.7213154,41.452264
Уварово,Тамбовская область,51.9767841,42.2529799
Агрыз,Татарстан,56.5232864,52.9943775
Азнакаево,Татарстан,54.8598642,53.0745527
Альметьевск,Татарстан,54.9014619,52.2970467
Арск,Татарстан,56.0912567,49.877067
Бавлы,Татарстан,54.4062891,53.2458065
Болгар,Татарстан,54.974891,49.0303882
Бугульма,Татарстан,54.5363495,52.7895849
Буинск,Татарстан,54.9641538,48.2901209
Елабуга,Татарстан,55.7567107,52.0543794
Заинск,Татарстан,55.299053,52.0062972
Зеленодольск,Татарстан,55.8466651,48.5010954
Иннополис,Татарстан,55.7521699,48.7446846
Казань,Татарстан,55.7943584,49.1114975
Кукмор,Татарстан,56.1861392,50.8970238
Лаишево,Татарстан,55.4042867,49.5499838
Лениногорск,Татарстан,54.5967034,52.4431906
Мамадыш,Татарстан,55.7150413,51.4129016
Менделеевск,Татарстан,55.895169,52.3143347
Мензелинск,Татарстан,55.7270698,53.1003968
Набережные Челны,Татарстан,55.7434619,52.3959165
Нижнекамск,Татарстан,55.6313609,51.8144669
Нурлат,Татарстан,54.4281461,50.8049337
Тетюши,Татарстан,54.936516,48.8314533
Чистополь,Татарстан,55.3699139,50.6285784
Андреаполь,Тверская область,56.6506724,32.2620163
Бежецк,Тверская область,57.7860089,36.6904983
Белый,Тверская область,55.8339056,32.9389741
Бологое,Тверская область,57.8855767,34.0537771
Весьегонск,Тверская область,58.6582598,37.2567558
Вышний Волочек,Тверская область,57.568302,34.5404016
Западная Двина,Тверская область,56.2566492,32.0805315
Зубцов,Тверская область,56.1760868,34.5825515
Калязин,Тверская область,57.2579478,37.7819693
Кашин,Тверская область,57.360194,37.6119436
Кимры,Тверская область,56.8733213,37.3556605
Конаково,Тверская область,56.7275204,36.8012716
Красный Холм,Тверская область,58.0571446,37.1126156
Кувшиново,Тверская область,57.0265168,34.1676009
Лихославль,Тверская область,57.1221304,35.4667605
Нелидово,Тверская область,56.2232566,32.7767459
Осташков,Тверская область,57.1456744,33.1115372
Ржев,Тверская область,56.262881,34.3291002
Старица,Тверская область,56.514876,34.9336396
Тверь,Тверская область,56.8586059,35.9116761
Торжок,Тверская область,57.04133,34.9602344
Торопец,Тверская область,56.5012188,31.6355466
Удомля,Тверская область,57.8787314,35.0167348
Асино,Томская область,56.9907085,86.1765257
Кедровый,Томская область,57.561869,79.5677821
Колпашево,Томская область,58.3114253,82.9025829
Северск,Томская область,56.6031285,84.8809926
Стрежевой,Томская область,60.732895,77.604122
Томск,Томская область,56.4845804,84.9481582
Алексин,Тульская область,54.5083349,37.0478067
Белев,Тульская область,53.8114179,36.1382247
Богородицк,Тульская область,53.7701014,38.1225152
Болохово,Тульская область,54.0820349,37.826724
Венев,Тульская область,54.3542315,38.2642236
Донской,Тульская область,53.9678944,38.3371824
Ефремов,Тульская область,53.1464766,38.0921657
Кимовск,Тульская область,53.9698378,38.5380808
Киреевск,Тульская область,53.9319555,37.9220351
Липки,Тульская область,53.9417551,37.7020148
Новомосковск,Тульская область,54.0109075,38.2914024
Плавск,Тульская область,53.7096415,37.2862352
Советск,Тульская область,53.9338874,37.6316141
Суворов,Тульская область,54.1343585,36.4807419
Тула,Тульская область,54.1920559,37.6153842
Узловая,Тульская область,53.9730452,38.1763201
Чекалин,Тульская область,54.0984438,36.2474142
Щекино,Тульская область,54.0020652,37.5176288
Ясногорск,Тульская область,54.4795484,37.6896048
Ак-Довурак,Тыва,51.178452,90.5985129
Кызыл,Тыва,51.7191047,94.4376882
Туран,Тыва,52.1449619,93.9173396
Чадан,Тыва,51.2844502,91.5788609
Шагонар,Тыва,51.5346393,92.9199675
Заводоуковск,Тюменская область,56.5027463,66.5513613
Ишим,Тюменская область,56.1104858,69.4795776
Тобольск,Тюменская область,58.2017299,68.2538558
Тюмень,Тюменская область,57.1529744,65.5344099
Ялуторовск,Тюменская область,56.6547289,66.3122992
Воткинск,Удмуртская,57.0518149,53.9873096
Глазов,Удмуртская,58.1359233,52.6635038
Ижевск,Удмуртская,56.852738,53.2114896
Камбарка,Удмуртская,56.2659916,54.193374
Можга,Удмуртская,56.4427774,52.2137886
Сарапул,Удмуртская,56.4615767,53.8037657
Барыш,Ульяновская область,53.6533992,47.1181134
Димитровград,Ульяновская область,54.2167926,49.6262585
Инза,Ульяновская область,53.8549647,46.3533459
Новоульяновск,Ульяновская область,54.1447956,48.3910789
Сенгилей,Ульяновская область,53.958964,48.7768269
Ульяновск,Ульяновская область,54.3079415,48.3748487
Амурск,Хабаровский край,50.2344147,136.8792444
Бикин,Хабаровский край,46.8185743,134.2550718
Вяземский,Хабаровский край,47.5353379,134.7553856
Комсомольск-на-Амуре,Хабаровский край,50.5498936,137.0079408
Николаевск-на-Амуре,Хабаровский край,53.1460657,140.7111367
Советская Гавань,Хабаровский край,48.9664966,140.285174
Хабаровск,Хабаровский край,48.4647258,135.0598942
Абаза,Хакасия,52.6516647,90.0885686
Абакан,Хакасия,53.7223325,91.4436721
Саяногорск,Хакасия,53.1008083,91.4122454
Сорск,Хакасия,54.0002888,90.2594446
Черногорск,Хакасия,53.8259342,91.3260229
Белоярский,Ханты-Мансийский Автономный округ - Югра АО,63.7121099,66.6772226
Когалым,Ханты-Мансийский Автономный округ - Югра АО,62.2639527,74.4829794
Лангепас,Ханты-Мансийский Автономный округ - Югра АО,61.2536939,75.1807763
Лянтор,Ханты-Мансийский Автономный округ - Югра АО,61.6392863,72.179409
Мегион,Ханты-Мансийский Автономный округ - Югра АО,61.0318712,76.1025878
Нефтеюганск,Ханты-Мансийский Автономный округ - Югра АО,61.0882676,72.6164079
Нижневартовск,Ханты-Мансийский Автономный округ - Югра АО,60.9396698,76.5696184
Нягань,Ханты-Мансийский Автономный округ - Югра АО,62.1454701,65.3946047
Покачи,Ханты-Мансийский Автономный округ - Югра АО,61.7422169,75.5941517
Пыть-Ях,Ханты-Мансийский Автономный округ - Югра АО,60.7585833,72.8365617
Радужный,Ханты-Мансийский Автономный округ - Югра АО,62.1342888,77.4584094
Советский,Ханты-Мансийский Автономный округ - Югра АО,61.3706913,63.5667222
Сургут,Ханты-Мансийский Автономный округ - Югра АО,61.2541083,73.3961587
Урай,Ханты-Мансийский Автономный округ - Югра АО,60.1296954,64.8038508
Ханты-Мансийск,Ханты-Мансийский Автономный округ - Югра АО,61.0023984,69.0184798
Югорск,Ханты-Мансийский Автономный округ - Югра АО,61.3123568,63.3365484
Аша,Челябинская область,54.9906527,57.2783953
Бакал,Челябинская область,54.9406399,58.8051698
Верхнеуральск,Челябинская область,53.8760961,59.2169852
Верхний Уфалей,Челябинская область,56.0487158,60.2318886
Еманжелинск,Челябинская область,54.7554548,61.3243477
Златоуст,Челябинская область,55.1714905,59.6725549
Карабаш,Челябинская область,55.4852323,60.2358881
Карталы,Челябинская область,53.0536197,60.6478408
Касли,Челябинская область,55.8868784,60.7421663
Катав-Ивановск,Челябинская область,54.7521438,58.1983648
Копейск,Челябинская область,55.116665,61.6179185
Коркино,Челябинская область,54.8903147,61.4034576
Куса,Челябинская область,55.3386053,59.4385778
Кыштым,Челябинская область,55.7061276,60.5563781
Магнитогорск,Челябинская область,53.4072153,58.9791437
Миасс,Челябинская область,55.0456457,60.1077572
Миньяр,Челябинская область,55.0709557,57.548478
Нязепетровск,Челябинская область,56.0536895,59.6097202
Озерск,Челябинская область,55.763154,60.7076198
Пласт,Челябинская область,54.3692764,60.8151894
Сатка,Челябинская область,55.0405288,59.0288975
Сим,Челябинская область,54.9907827,57.6900155
Снежинск,Челябинская область,56.0851495,60.7324914
Трехгорный,Челябинская область,54.8178249,58.4464194
Троицк,Челябинская область,54.0843745,61.5586831
Усть-Катав,Челябинская область,54.9260812,58.152805
Чебаркуль,Челябинская область,54.9818567,60.3773121
Челябинск,Челябинская область,55.1602624,61.4008078
Южноуральск,Челябинская область,54.448927,61.2581158
Юрюзань,Челябинская область,54.854662,58.4226698
Аргун,Чеченская,43.2916774,45.8723105
Грозный,Чеченская,43.3180145,45.698291
Гудермес,Чеченская,43.3519142,46.1035645
Курчалой,Чеченская,43.2046547,46.0889364
Шали,Чеченская,43.1488691,45.9009629
Алатырь,Чувашская Республика,54.8397989,46.5721997
Канаш,Чувашская Республика,55.507,47.4918273
Козловка,Чувашская Республика,55.8406025,48.2577735
Мариинский Посад,Чувашская Республика,56.111923,47.7142942
Новочебоксарск,Чувашская Республика,56.1094977,47.4791113
Цивильск,Чувашская Республика,55.8650213,47.4729349
Чебоксары,Чувашская Республика,56.1438298,47.2489782
Шумерля,Чувашская Республика,55.4962415,46.4182681
Ядрин,Чувашская Республика,55.9406974,46.2020896
Анадырь,Чукотский АО,64.7313924,177.5015421
Билибино,Чукотский АО,68.0584191,166.4388172
Певек,Чукотский АО,69.7016661,170.2999022
Губкинский,Ямало-Ненецкий АО,64.4457594,76.4713274
Лабытнанги,Ямало-Ненецкий АО,66.6592841,66.3883009
Муравленко,Ямало-Ненецкий АО,63.7940552,74.4948635
Надым,Ямало-Ненецкий АО,65.5377966,72.5182736
Новый Уренгой,Ямало-Ненецкий АО,66.0839433,76.6809681
Ноябрьск,Ямало-Ненецкий АО,63.2018039,75.4510581
Салехард,Ямало-Ненецкий АО,66.5492077,66.6085318
Тарко-Сале,Ямало-Ненецкий АО,64.9118803,77.7610236
Гаврилов-Ям,Ярославская область,57.3091058,39.8546444
Данилов,Ярославская область,58.1860098,40.1795067
Любим,Ярославская область,58.3620228,40.686841
Мышкин,Ярославская область,57.7881684,38.4544224
Переславль-Залесский,Ярославская область,56.7360544,38.8543617
Пошехонье,Ярославская область,58.5062879,39.1208434
Ростов,Ярославская область,57.2051315,39.4378622
Рыбинск,Ярославская область,58.0485495,38.8584119
Тутаев,Ярославская область,57.8674993,39.5369627
Углич,Ярославская область,57.5224249,38.3020044
Ярославль,Ярославская область,57.6215477,39.8977411
